Date,Apple,Tesla,Amazon,Visa,Microsoft
2017-01-03,29.037500381469727,37.68349838256836,62.58000183105469,14.465999603271484,79.5
2017-01-04,29.0049991607666,37.85900115966797,62.29999923706055,15.13266658782959,80.1500015258789
2017-01-05,29.15250015258789,39.022499084472656,62.29999923706055,15.116666793823242,81.08999633789062
2017-01-06,29.477500915527344,39.79949951171875,62.84000015258789,15.267333030700684,82.20999908447266
2017-01-09,29.747499465942383,39.84600067138672,62.63999938964844,15.41866683959961,81.75
2017-01-10,29.77750015258789,39.79499816894531,62.619998931884766,15.324666976928711,81.30999755859375
2017-01-11,29.9375,39.95100021362305,63.189998626708984,15.315333366394043,81.80000305175781
2017-01-12,29.8125,40.68199920654297,62.61000061035156,15.305999755859375,81.37000274658203
2017-01-13,29.760000228881836,40.856998443603516,62.70000076293945,15.850000381469727,81.16999816894531
2017-01-17,30.0,40.486000061035156,62.529998779296875,15.70533275604248,81.26000213623047
2017-01-18,29.997499465942383,40.374000549316406,62.5,15.890666961669922,81.58999633789062
2017-01-19,29.94499969482422,40.45199966430664,62.29999923706055,16.250667572021484,81.7300033569336
2017-01-20,30.0,40.416500091552734,62.7400016784668,16.315332412719727,81.83999633789062
2017-01-23,30.020000457763672,40.89400100708008,62.959999084472656,16.594667434692383,82.1500015258789
2017-01-24,29.99250030517578,41.12200164794922,63.52000045776367,16.974000930786133,83.2300033569336
2017-01-25,30.469999313354492,41.82600021362305,63.68000030517578,16.96466636657715,83.9000015258789
2017-01-26,30.485000610351562,41.95750045776367,64.2699966430664,16.833999633789062,83.23999786376953
2017-01-27,30.487499237060547,41.78850173950195,65.77999877929688,16.863332748413086,83.7699966430664
2017-01-30,30.407499313354492,41.51900100708008,65.12999725341797,16.708667755126953,83.69999694824219
2017-01-31,30.337499618530273,41.17399978637695,64.6500015258789,16.795333862304688,82.70999908447266
2017-02-01,32.1875,41.61750030517578,63.58000183105469,16.615999221801758,82.44000244140625
2017-02-02,32.13249969482422,41.997501373291016,63.16999816894531,16.770000457763672,82.30000305175781
2017-02-03,32.27000045776367,40.5099983215332,63.68000030517578,16.755332946777344,86.08000183105469
2017-02-06,32.5724983215332,40.38199996948242,63.63999938964844,17.184667587280273,85.83000183105469
2017-02-07,32.88249969482422,40.625,63.43000030517578,17.165332794189453,85.77999877929688
2017-02-08,33.0099983215332,40.98550033569336,63.34000015258789,17.472000122070312,85.08999633789062
2017-02-09,33.10499954223633,41.06800079345703,64.05999755859375,17.946666717529297,85.58000183105469
2017-02-10,33.029998779296875,41.37300109863281,64.0,17.948667526245117,85.9000015258789
2017-02-13,33.3224983215332,41.826499938964844,64.72000122070312,18.706666946411133,86.44000244140625
2017-02-14,33.755001068115234,41.81949996948242,64.56999969482422,18.73200035095215,86.8499984741211
2017-02-15,33.877498626708984,42.1349983215332,64.52999877929688,18.650667190551758,87.54000091552734
2017-02-16,33.837501525878906,42.207000732421875,64.5199966430664,17.93000030517578,87.41000366210938
2017-02-17,33.93000030517578,42.253501892089844,64.62000274658203,18.148666381835938,87.45999908447266
2017-02-21,34.17499923706055,42.821998596191406,64.48999786376953,18.492666244506836,87.91999816894531
2017-02-22,34.27750015258789,42.78049850463867,64.36000061035156,18.233999252319336,87.80000305175781
2017-02-23,34.13249969482422,42.609500885009766,64.62000274658203,17.06599998474121,88.18000030517578
2017-02-24,34.165000915527344,42.262001037597656,64.62000274658203,17.133333206176758,88.43000030517578
2017-02-27,34.23249816894531,42.43199920654297,64.2300033569336,16.415332794189453,88.0
2017-02-28,34.247501373291016,42.25199890136719,63.97999954223633,16.666000366210938,87.94000244140625
2017-03-01,34.9474983215332,42.65399932861328,64.94000244140625,16.667999267578125,88.98999786376953
2017-03-02,34.7400016784668,42.445499420166016,64.01000213623047,16.698667526245117,88.52999877929688
2017-03-03,34.94499969482422,42.49399948120117,64.25,16.771333694458008,88.79000091552734
2017-03-06,34.834999084472656,42.330501556396484,64.2699966430664,16.747333526611328,88.94000244140625
2017-03-07,34.880001068115234,42.30099868774414,64.4000015258789,16.57266616821289,89.05999755859375
2017-03-08,34.75,42.525001525878906,64.98999786376953,16.45800018310547,88.95999908447266
2017-03-09,34.66999816894531,42.650001525878906,64.7300033569336,16.32666778564453,89.11000061035156
2017-03-10,34.78499984741211,42.62300109863281,64.93000030517578,16.246000289916992,89.7300033569336
2017-03-13,34.79999923706055,42.72949981689453,64.70999908447266,16.411333084106445,90.11000061035156
2017-03-14,34.747501373291016,42.62649917602539,64.41000366210938,17.200000762939453,89.55000305175781
2017-03-15,35.1150016784668,42.64849853515625,64.75,17.048667907714844,89.91999816894531
2017-03-16,35.17250061035156,42.67100143432617,64.63999938964844,17.469999313354492,90.04000091552734
2017-03-17,34.997501373291016,42.615501403808594,64.87000274658203,17.433332443237305,90.23999786376953
2017-03-20,35.3650016784668,42.8484992980957,64.93000030517578,17.461332321166992,89.18000030517578
2017-03-21,34.959999084472656,42.15999984741211,64.20999908447266,16.711999893188477,88.05999755859375
2017-03-22,35.35499954223633,42.40299987792969,65.02999877929688,17.000667572021484,88.5199966430664
2017-03-23,35.22999954223633,42.36899948120117,64.87000274658203,16.985332489013672,88.86000061035156
2017-03-24,35.15999984741211,42.28049850463867,64.9800033569336,17.54400062561035,89.19000244140625
2017-03-27,35.220001220703125,42.340999603271484,65.0999984741211,18.014667510986328,88.94999694824219
2017-03-28,35.95000076293945,42.79999923706055,65.29000091552734,18.496667861938477,89.12000274658203
2017-03-29,36.029998779296875,43.715999603271484,65.47000122070312,18.492000579833984,89.18000030517578
2017-03-30,35.98249816894531,43.81700134277344,65.70999908447266,18.527999877929688,89.01000213623047
2017-03-31,35.915000915527344,44.32699966430664,65.86000061035156,18.553333282470703,88.87000274658203
2017-04-03,35.92499923706055,44.57550048828125,65.55000305175781,19.90133285522461,89.36000061035156
2017-04-04,36.192501068115234,45.34149932861328,65.7300033569336,20.246667861938477,88.77999877929688
2017-04-05,36.005001068115234,45.4640007019043,65.55999755859375,19.666667938232422,89.02999877929688
2017-04-06,35.915000915527344,44.91400146484375,65.7300033569336,19.913333892822266,89.08999633789062
2017-04-07,35.834999084472656,44.74399948120117,65.68000030517578,20.16933250427246,88.73999786376953
2017-04-10,35.79249954223633,45.35200119018555,65.52999877929688,20.826000213623047,88.86000061035156
2017-04-11,35.407501220703125,45.11800003051758,65.4800033569336,20.58066749572754,88.8499984741211
2017-04-12,35.45000076293945,44.811500549316406,65.2300033569336,19.78933334350586,88.68000030517578
2017-04-13,35.26250076293945,44.23350143432617,64.94999694824219,20.266666412353516,88.87000274658203
2017-04-17,35.45750045776367,45.0994987487793,65.4800033569336,20.09600067138672,89.80999755859375
2017-04-18,35.29999923706055,45.18899917602539,65.38999938964844,20.016666412353516,89.7300033569336
2017-04-19,35.16999816894531,44.959999084472656,65.04000091552734,20.368000030517578,89.75
2017-04-20,35.61000061035156,45.10300064086914,65.5,20.167333602905273,91.1500015258789
2017-04-21,35.567501068115234,44.92649841308594,66.4000015258789,20.373332977294922,91.1500015258789
2017-04-24,35.90999984741211,45.37049865722656,67.52999877929688,20.53533363342285,91.8499984741211
2017-04-25,36.13249969482422,45.38100051879883,67.91999816894531,20.91933250427246,92.11000061035156
2017-04-26,35.91999816894531,45.464500427246094,67.83000183105469,20.67799949645996,91.81999969482422
2017-04-27,35.9474983215332,45.91899871826172,68.2699966430664,20.575332641601562,91.5999984741211
2017-04-28,35.912498474121094,46.2495002746582,68.45999908447266,20.937999725341797,91.22000122070312
2017-05-01,36.64500045776367,47.4114990234375,69.41000366210938,21.52199935913086,91.26000213623047
2017-05-02,36.877498626708984,47.34700012207031,69.30000305175781,21.25933265686035,92.54000091552734
2017-05-03,36.76499938964844,47.05149841308594,69.08000183105469,20.73466682434082,92.44000244140625
2017-05-04,36.63249969482422,46.87649917602539,68.80999755859375,19.69733238220215,92.62000274658203
2017-05-05,37.2400016784668,46.70750045776367,69.0,20.55666732788086,92.08999633789062
2017-05-08,38.252498626708984,47.45199966430664,68.94000244140625,20.479333877563477,91.91999816894531
2017-05-09,38.497501373291016,47.64099884033203,69.04000091552734,21.417333602905273,92.0
2017-05-10,38.314998626708984,47.4474983215332,69.30999755859375,21.681333541870117,92.25
2017-05-11,38.48749923706055,47.38100051879883,68.45999908447266,21.540000915527344,92.0999984741211
2017-05-12,39.025001525878906,48.067501068115234,68.37999725341797,21.65399932861328,92.7300033569336
2017-05-15,38.92499923706055,47.89849853515625,68.43000030517578,21.058666229248047,93.2300033569336
2017-05-16,38.86750030517578,48.30350112915039,69.41000366210938,21.134000778198242,93.1500015258789
2017-05-17,37.5625,47.237998962402344,67.4800033569336,20.407333374023438,91.76000213623047
2017-05-18,38.1349983215332,47.92449951171875,67.70999908447266,20.87066650390625,91.70999908447266
2017-05-19,38.26499938964844,47.992000579833984,67.69000244140625,20.722000122070312,92.4800033569336
2017-05-22,38.497501373291016,48.53350067138672,68.44999694824219,20.690000534057617,93.30999755859375
2017-05-23,38.45000076293945,48.57699966430664,68.68000030517578,20.257333755493164,93.86000061035156
2017-05-24,38.334999084472656,49.01750183105469,68.7699966430664,20.681333541870117,94.80999755859375
2017-05-25,38.467498779296875,49.66899871826172,69.62000274658203,21.121999740600586,95.04000091552734
2017-05-26,38.40250015258789,49.78900146484375,69.95999908447266,21.676000595092773,94.66999816894531
2017-05-30,38.41749954223633,49.834999084472656,70.41000366210938,22.34000015258789,94.72000122070312
2017-05-31,38.189998626708984,49.73099899291992,69.83999633789062,22.733999252319336,95.2300033569336
2017-06-01,38.29499816894531,49.79750061035156,70.0999984741211,22.691333770751953,95.4000015258789
2017-06-02,38.86249923706055,50.33649826049805,71.76000213623047,22.656667709350586,96.1500015258789
2017-06-05,38.48249816894531,50.56700134277344,72.27999877929688,23.154666900634766,96.55000305175781
2017-06-06,38.61249923706055,50.150001525878906,72.5199966430664,23.523332595825195,95.79000091552734
2017-06-07,38.842498779296875,50.503501892089844,72.38999938964844,23.976667404174805,96.08999633789062
2017-06-08,38.747501373291016,50.51350021362305,71.94999694824219,24.666667938232422,96.08999633789062
2017-06-09,37.244998931884766,48.91550064086914,70.31999969482422,23.821332931518555,94.55999755859375
2017-06-12,36.35499954223633,48.24549865722656,69.77999877929688,23.93400001525879,93.5
2017-06-13,36.647499084472656,49.03950119018555,70.6500015258789,25.06333351135254,95.08000183105469
2017-06-14,36.290000915527344,48.82350158691406,70.2699966430664,25.37733268737793,95.31999969482422
2017-06-15,36.0724983215332,48.208499908447266,69.9000015258789,25.022666931152344,94.16999816894531
2017-06-16,35.567501068115234,49.385501861572266,70.0,24.760000228881836,94.16999816894531
2017-06-19,36.584999084472656,49.75849914550781,70.87000274658203,24.65333366394043,94.79000091552734
2017-06-20,36.252498626708984,49.62950134277344,69.91000366210938,24.81599998474121,94.37999725341797
2017-06-21,36.467498779296875,50.11149978637695,70.2699966430664,25.093332290649414,94.54000091552734
2017-06-22,36.407501220703125,50.064998626708984,70.26000213623047,25.507333755493164,93.94999694824219
2017-06-23,36.56999969482422,50.1870002746582,71.20999908447266,25.56333351135254,95.58000183105469
2017-06-26,36.45500183105469,49.69900131225586,70.52999877929688,25.166000366210938,95.22000122070312
2017-06-27,35.932498931884766,48.8390007019043,69.20999908447266,24.158000946044922,94.9000015258789
2017-06-28,36.45750045776367,49.51649856567383,69.80000305175781,24.749332427978516,96.2300033569336
2017-06-29,35.91999816894531,48.79650115966797,68.48999786376953,24.049999237060547,94.41999816894531
2017-06-30,36.005001068115234,48.400001525878906,68.93000030517578,24.107332229614258,93.77999877929688
2017-07-03,35.875,47.68299865722656,68.16999816894531,23.507999420166016,93.3499984741211
2017-07-05,36.022499084472656,48.56999969482422,69.08000183105469,21.805999755859375,94.01000213623047
2017-07-06,35.682498931884766,48.25699996948242,68.56999969482422,20.588666915893555,93.25
2017-07-07,36.04499816894531,48.9379997253418,69.45999908447266,20.881332397460938,93.91999816894531
2017-07-10,36.26499938964844,49.82350158691406,69.9800033569336,21.06999969482422,95.08999633789062
2017-07-11,36.38249969482422,49.70650100708008,69.98999786376953,21.814666748046875,95.41000366210938
2017-07-12,36.435001373291016,50.32550048828125,71.1500015258789,21.968000411987305,96.18000030517578
2017-07-13,36.942501068115234,50.03150177001953,71.7699966430664,21.560667037963867,95.94000244140625
2017-07-14,37.2599983215332,50.09049987792969,72.77999877929688,21.851999282836914,96.93000030517578
2017-07-17,37.38999938964844,50.50199890136719,73.3499984741211,21.30466651916504,96.83000183105469
2017-07-18,37.52000045776367,51.22249984741211,73.30000305175781,21.882667541503906,97.58000183105469
2017-07-19,37.755001068115234,51.34349822998047,73.86000061035156,21.68400001525879,98.25
2017-07-20,37.584999084472656,51.435001373291016,74.22000122070312,21.994667053222656,98.11000061035156
2017-07-21,37.567501068115234,51.28350067138672,73.79000091552734,21.893333435058594,99.5999984741211
2017-07-24,38.022499084472656,51.9474983215332,73.5999984741211,22.834667205810547,100.37000274658203
2017-07-25,38.185001373291016,51.993499755859375,74.19000244140625,22.639999389648438,99.98999786376953
2017-07-26,38.3650016784668,52.63999938964844,74.05000305175781,22.92333221435547,100.8499984741211
2017-07-27,37.63999938964844,52.29999923706055,73.16000366210938,22.297332763671875,99.56999969482422
2017-07-28,37.375,51.00199890136719,73.04000091552734,22.33799934387207,99.1500015258789
2017-07-31,37.182498931884766,49.388999938964844,72.69999694824219,21.564666748046875,99.55999755859375
2017-08-01,37.51250076293945,49.80950164794922,72.58000183105469,21.30466651916504,100.87000274658203
2017-08-02,39.28499984741211,49.794498443603516,72.26000213623047,21.72599983215332,101.27999877929688
2017-08-03,38.89250183105469,49.34600067138672,72.1500015258789,23.139333724975586,100.58999633789062
2017-08-04,39.09749984741211,49.37900161743164,72.68000030517578,23.79400062561035,100.88999938964844
2017-08-07,39.70249938964844,49.61349868774414,72.4000015258789,23.67799949645996,101.48999786376953
2017-08-08,40.02000045776367,49.492000579833984,72.79000091552734,24.347999572753906,101.27999877929688
2017-08-09,40.26499938964844,49.10049819946289,72.47000122070312,24.235332489013672,100.97000122070312
2017-08-10,38.83000183105469,47.84600067138672,71.41000366210938,23.69333267211914,99.48999786376953
2017-08-11,39.369998931884766,48.39950180053711,72.5,23.857999801635742,100.08999633789062
2017-08-14,39.962501525878906,49.165000915527344,73.58999633789062,24.253332138061523,101.87000274658203
2017-08-15,40.400001525878906,49.137001037597656,73.22000122070312,24.155332565307617,102.62999725341797
2017-08-16,40.23749923706055,48.909000396728516,73.6500015258789,24.194000244140625,103.31999969482422
2017-08-17,39.46500015258789,48.028499603271484,72.4000015258789,23.461332321166992,102.16000366210938
2017-08-18,39.375,47.923500061035156,72.48999786376953,23.163999557495117,102.51000213623047
2017-08-21,39.3025016784668,47.66450119018555,72.1500015258789,22.52400016784668,103.22000122070312
2017-08-22,39.94499969482422,48.345001220703125,73.16000366210938,22.75666618347168,104.06999969482422
2017-08-23,39.994998931884766,47.900001525878906,72.72000122070312,23.51799964904785,103.18000030517578
2017-08-24,39.817501068115234,47.622501373291016,72.69000244140625,23.528667449951172,103.22000122070312
2017-08-25,39.96500015258789,47.26300048828125,72.81999969482422,23.203332901000977,103.3499984741211
2017-08-28,40.36750030517578,47.30099868774414,72.83000183105469,23.04400062561035,103.77999877929688
2017-08-29,40.727500915527344,47.702999114990234,73.05000305175781,23.157333374023438,103.7699966430664
2017-08-30,40.837501525878906,48.37950134277344,74.01000213623047,23.545333862304688,103.7300033569336
2017-08-31,41.0,49.029998779296875,74.7699966430664,23.726667404174805,103.5199966430664
2017-09-01,41.01250076293945,48.912498474121094,73.94000244140625,23.69333267211914,103.9000015258789
2017-09-05,40.52000045776367,48.26350021362305,73.61000061035156,23.305999755859375,103.01000213623047
2017-09-06,40.477500915527344,48.38999938964844,73.4000015258789,22.968666076660156,103.18000030517578
2017-09-07,40.314998626708984,48.9734992980957,74.33999633789062,23.374000549316406,104.55999755859375
2017-09-08,39.657501220703125,48.29499816894531,73.9800033569336,22.893333435058594,104.43000030517578
2017-09-11,40.375,48.89799880981445,74.76000213623047,24.246000289916992,106.1500015258789
2017-09-12,40.21500015258789,49.12900161743164,74.68000030517578,24.183332443237305,106.20999908447266
2017-09-13,39.912498474121094,49.97999954223633,75.20999908447266,24.415332794189453,105.83000183105469
2017-09-14,39.56999969482422,49.61050033569336,74.7699966430664,25.176000595092773,106.08000183105469
2017-09-15,39.970001220703125,49.339500427246094,75.30999755859375,25.320667266845703,105.30000305175781
2017-09-18,39.66749954223633,48.70949935913086,75.16000366210938,25.666667938232422,104.83000183105469
2017-09-19,39.682498931884766,48.49300003051758,75.44000244140625,25.00666618347168,105.41000366210938
2017-09-20,39.01750183105469,48.660499572753906,74.94000244140625,24.92733383178711,104.97000122070312
2017-09-21,38.34749984741211,48.23249816894531,74.20999908447266,24.43199920654297,105.30999755859375
2017-09-22,37.97249984741211,47.755001068115234,74.41000366210938,23.4060001373291,105.55999755859375
2017-09-25,37.63750076293945,46.989498138427734,73.26000213623047,22.999332427978516,103.0199966430664
2017-09-26,38.28499984741211,46.93000030517578,73.26000213623047,23.016666412353516,102.94000244140625
2017-09-27,38.557498931884766,47.54349899291992,73.8499984741211,22.731332778930664,103.88999938964844
2017-09-28,38.31999969482422,47.81999969482422,73.87000274658203,22.639999389648438,104.58000183105469
2017-09-29,38.529998779296875,48.067501068115234,74.48999786376953,22.739999771118164,105.23999786376953
2017-10-02,38.45249938964844,47.95949935913086,74.61000061035156,22.768667221069336,105.44000244140625
2017-10-03,38.619998931884766,47.85499954223633,74.26000213623047,23.209333419799805,105.58999633789062
2017-10-04,38.369998931884766,48.272499084472656,74.69000244140625,23.667333602905273,105.30999755859375
2017-10-05,38.84749984741211,49.04249954223633,75.97000122070312,23.68866729736328,106.23999786376953
2017-10-06,38.82500076293945,49.479000091552734,76.0,23.79199981689453,106.7300033569336
2017-10-09,38.959999084472656,49.54949951171875,76.29000091552734,22.862667083740234,107.01000213623047
2017-10-10,38.974998474121094,49.36000061035156,76.29000091552734,23.70599937438965,107.30999755859375
2017-10-11,39.13750076293945,49.75,76.41999816894531,23.639999389648438,108.44000244140625
2017-10-12,39.0,50.04650115966797,77.12000274658203,23.711999893188477,108.11000061035156
2017-10-13,39.247501373291016,50.14699935913086,77.48999786376953,23.704666137695312,108.66000366210938
2017-10-16,39.970001220703125,50.31700134277344,77.6500015258789,23.373332977294922,108.30000305175781
2017-10-17,40.11750030517578,50.45650100708008,77.58999633789062,23.71666717529297,107.54000091552734
2017-10-18,39.939998626708984,49.849998474121094,77.61000061035156,23.976667404174805,107.80000305175781
2017-10-19,38.994998931884766,49.330501556396484,77.91000366210938,23.45400047302246,107.0199966430664
2017-10-20,39.0625,49.14550018310547,78.80999755859375,23.00666618347168,107.55000305175781
2017-10-23,39.04249954223633,48.314998626708984,78.83000183105469,22.468000411987305,107.52999877929688
2017-10-24,39.275001525878906,48.79499816894531,78.86000061035156,22.48933219909668,108.41000366210938
2017-10-25,39.102500915527344,48.64550018310547,78.62999725341797,21.722667694091797,109.48999786376953
2017-10-26,39.352500915527344,48.621498107910156,78.76000213623047,21.744667053222656,109.80000305175781
2017-10-27,40.76250076293945,55.04750061035156,83.80999755859375,21.391332626342773,109.70999908447266
2017-10-30,41.68000030517578,55.54249954223633,83.88999938964844,21.338666915893555,110.04000091552734
2017-10-31,42.2599983215332,55.263999938964844,83.18000030517578,22.101999282836914,109.9800033569336
2017-11-01,41.72249984741211,55.183998107910156,83.18000030517578,21.405332565307617,111.06999969482422
2017-11-02,42.02750015258789,54.71099853515625,84.05000305175781,19.950666427612305,110.9800033569336
2017-11-03,43.125,55.58000183105469,84.13999938964844,20.4060001373291,111.36000061035156
2017-11-06,43.5625,56.03300094604492,84.47000122070312,20.185333251953125,111.91999816894531
2017-11-07,43.70249938964844,56.15850067138672,84.2699966430664,20.40333366394043,112.08999633789062
2017-11-08,44.060001373291016,56.64400100708008,84.55999755859375,20.292667388916016,112.47000122070312
2017-11-09,43.970001220703125,56.45650100708008,84.08999633789062,20.19933319091797,112.13999938964844
2017-11-10,43.66749954223633,56.26750183105469,83.87000274658203,20.19933319091797,111.87999725341797
2017-11-13,43.49250030517578,56.458499908447266,83.93000030517578,21.02666664123535,111.4000015258789
2017-11-14,42.834999084472656,56.84199905395508,84.05000305175781,20.579999923706055,111.9800033569336
2017-11-15,42.27000045776367,56.33449935913086,82.9800033569336,20.753332138061523,110.25
2017-11-16,42.775001525878906,56.864498138427734,83.19999694824219,20.833332061767578,111.0199966430664
2017-11-17,42.537498474121094,56.49399948120117,82.4000015258789,21.003332138061523,109.81999969482422
2017-11-20,42.494998931884766,56.31549835205078,82.52999877929688,20.582666397094727,109.94999694824219
2017-11-21,43.28499984741211,56.9744987487793,83.72000122070312,21.187332153320312,111.44999694824219
2017-11-22,43.7400016784668,57.80799865722656,83.11000061035156,20.84000015258789,110.81999969482422
2017-11-24,43.74250030517578,59.29999923706055,83.26000213623047,21.036666870117188,111.97000122070312
2017-11-27,43.522499084472656,59.791500091552734,83.87000274658203,21.12066650390625,112.37999725341797
2017-11-28,43.26750183105469,59.68000030517578,84.87999725341797,21.170000076293945,113.36000061035156
2017-11-29,42.369998931884766,58.063499450683594,83.33999633789062,20.502666473388672,109.86000061035156
2017-11-30,42.962501525878906,58.837501525878906,84.16999816894531,20.59000015258789,112.58999633789062
2017-12-01,42.76250076293945,58.11750030517578,84.26000213623047,20.435333251953125,110.7300033569336
2017-12-04,42.45000076293945,56.6974983215332,81.08000183105469,20.34666633605957,107.43000030517578
2017-12-05,42.40999984741211,57.07849884033203,81.58999633789062,20.246667861938477,108.58000183105469
2017-12-06,42.252498626708984,57.61750030517578,82.77999877929688,20.884000778198242,109.73999786376953
2017-12-07,42.33000183105469,57.989498138427734,82.48999786376953,20.749332427978516,111.4000015258789
2017-12-08,42.342498779296875,58.099998474121094,84.16000366210938,21.0086669921875,112.5999984741211
2017-12-11,43.16749954223633,58.44599914550781,85.2300033569336,21.92733383178711,112.37000274658203
2017-12-12,42.92499923706055,58.25400161743164,85.58000183105469,22.735332489013672,113.45999908447266
2017-12-13,43.067501068115234,58.20650100708008,85.3499984741211,22.601999282836914,113.30999755859375
2017-12-14,43.05500030517578,58.7130012512207,84.69000244140625,22.525999069213867,112.91999816894531
2017-12-15,43.49250030517578,58.957000732421875,86.8499984741211,22.89666748046875,113.81999969482422
2017-12-18,44.10499954223633,59.52899932861328,86.37999725341797,22.591333389282227,113.55000305175781
2017-12-19,43.6349983215332,59.36899948120117,85.83000183105469,22.073333740234375,112.13999938964844
2017-12-20,43.587501525878906,58.88100051879883,85.5199966430664,21.93199920654297,112.12000274658203
2017-12-21,43.752498626708984,58.737998962402344,85.5,22.110666275024414,112.41000366210938
2017-12-22,43.752498626708984,58.417999267578125,85.51000213623047,21.68000030517578,112.69000244140625
2017-12-26,42.64250183105469,58.8380012512207,85.4000015258789,21.152666091918945,112.98999786376953
2017-12-27,42.650001525878906,59.112998962402344,85.70999908447266,20.775999069213867,114.0199966430664
2017-12-28,42.77000045776367,59.30500030517578,85.72000122070312,21.02400016784668,114.3499984741211
2017-12-29,42.307498931884766,58.4734992980957,85.54000091552734,20.75666618347168,114.0199966430664
2018-01-02,43.064998626708984,59.45050048828125,85.94999694824219,21.368667602539062,114.51000213623047
2018-01-03,43.057498931884766,60.209999084472656,86.3499984741211,21.149999618530273,115.6500015258789
2018-01-04,43.25749969482422,60.47949981689453,87.11000061035156,20.974666595458984,116.08000183105469
2018-01-05,43.75,61.457000732421875,88.19000244140625,21.10533332824707,118.86000061035156
2018-01-08,43.587501525878906,62.34349822998047,88.27999877929688,22.42733383178711,119.33999633789062
2018-01-09,43.58250045776367,62.6349983215332,88.22000122070312,22.246000289916992,119.11000061035156
2018-01-10,43.5724983215332,62.71649932861328,87.81999969482422,22.31999969482422,118.9800033569336
2018-01-11,43.81999969482422,63.83399963378906,88.08000183105469,22.530000686645508,119.83999633789062
2018-01-12,44.272499084472656,65.26000213623047,89.5999984741211,22.4146671295166,120.08999633789062
2018-01-16,44.04750061035156,65.24299621582031,88.3499984741211,22.67066764831543,120.38999938964844
2018-01-17,44.775001525878906,64.75,90.13999938964844,23.143999099731445,121.9800033569336
2018-01-18,44.814998626708984,64.66600036621094,90.0999984741211,22.971332550048828,123.11000061035156
2018-01-19,44.6150016784668,64.72899627685547,90.0,23.334667205810547,122.69999694824219
2018-01-22,44.25,66.3655014038086,91.61000061035156,23.437332153320312,124.33000183105469
2018-01-23,44.2599983215332,68.12699890136719,91.9000015258789,23.519332885742188,124.6500015258789
2018-01-24,43.55500030517578,67.87550354003906,91.81999969482422,23.05933380126953,124.55000305175781
2018-01-25,42.77750015258789,68.89749908447266,92.33000183105469,22.50933265686035,125.22000122070312
2018-01-26,42.877498626708984,70.10250091552734,94.05999755859375,22.856666564941406,126.31999969482422
2018-01-29,41.9900016784668,70.88400268554688,93.91999816894531,23.302000045776367,124.83999633789062
2018-01-30,41.74250030517578,71.89099884033203,92.73999786376953,23.05466651916504,123.55000305175781
2018-01-31,41.85749816894531,72.54450225830078,95.01000213623047,23.62066650390625,124.2300033569336
2018-02-01,41.94499969482422,69.5,94.26000213623047,23.28333282470703,125.72000122070312
2018-02-02,40.125,71.49749755859375,91.77999877929688,22.916667938232422,120.91000366210938
2018-02-05,39.122501373291016,69.5,88.0,22.208667755126953,116.2699966430664
2018-02-06,40.75749969482422,72.14199829101562,91.33000183105469,22.264667510986328,119.97000122070312
2018-02-07,39.8849983215332,70.83899688720703,89.61000061035156,23.0,119.6500015258789
2018-02-08,38.787498474121094,67.5250015258789,85.01000213623047,21.01533317565918,113.86000061035156
2018-02-09,39.102500915527344,66.9800033569336,88.18000030517578,20.69466781616211,116.31999969482422
2018-02-12,40.6775016784668,69.3115005493164,89.12999725341797,21.048667907714844,118.47000122070312
2018-02-13,41.084999084472656,70.72550201416016,89.83000183105469,21.577333450317383,118.3499984741211
2018-02-14,41.842498779296875,72.55249786376953,90.80999755859375,21.487333297729492,120.83000183105469
2018-02-15,43.247501373291016,73.08799743652344,92.66000366210938,22.271333694458008,122.27999877929688
2018-02-16,43.10749816894531,72.43450164794922,92.0,22.365999221801758,121.8499984741211
2018-02-20,42.962501525878906,73.4175033569336,92.72000122070312,22.31800079345703,122.01000213623047
2018-02-21,42.76750183105469,74.14600372314453,91.48999786376953,22.219999313354492,120.43000030517578
2018-02-22,43.125,74.26699829101562,91.7300033569336,23.077999114990234,120.37999725341797
2018-02-23,43.875,75.0,94.05999755859375,23.469999313354492,122.93000030517578
2018-02-26,44.74250030517578,76.09750366210938,95.41999816894531,23.827999114990234,124.58999633789062
2018-02-27,44.59749984741211,75.5989990234375,94.19999694824219,23.39933204650879,123.37000274658203
2018-02-28,44.529998779296875,75.62249755859375,93.7699966430664,22.87066650390625,122.94000244140625
2018-03-01,43.75,74.67250061035156,92.8499984741211,22.062000274658203,120.4000015258789
2018-03-02,44.0525016784668,75.01249694824219,93.05000305175781,22.341333389282227,120.7699966430664
2018-03-05,44.20500183105469,76.18049621582031,93.63999938964844,22.22333335876465,121.87999725341797
2018-03-06,44.16749954223633,76.88200378417969,93.31999969482422,21.8799991607666,121.05999755859375
2018-03-07,43.75749969482422,77.25,93.86000061035156,22.15333366394043,121.8499984741211
2018-03-08,44.23500061035156,77.59300231933594,94.43000030517578,21.940000534057617,122.22000122070312
2018-03-09,44.994998931884766,78.94450378417969,96.54000091552734,21.81133270263672,124.51000213623047
2018-03-12,45.43000030517578,79.91950225830078,96.7699966430664,23.034000396728516,124.23999786376953
2018-03-13,44.99250030517578,79.40899658203125,94.41000366210938,22.78933334350586,123.19999694824219
2018-03-14,44.61000061035156,79.55000305175781,93.8499984741211,21.775333404541016,122.58000183105469
2018-03-15,44.662498474121094,79.11599731445312,94.18000030517578,21.706666946411133,123.41000366210938
2018-03-16,44.505001068115234,78.58399963378906,94.5999984741211,21.42333221435547,124.52999877929688
2018-03-19,43.82500076293945,77.24649810791016,92.88999938964844,20.90399932861328,123.20999908447266
2018-03-20,43.810001373291016,79.32550048828125,93.12999725341797,20.703332901000977,124.91000366210938
2018-03-21,42.817501068115234,79.09300231933594,92.4800033569336,21.101999282836914,123.22000122070312
2018-03-22,42.212501525878906,77.24600219726562,89.79000091552734,20.606666564941406,119.98999786376953
2018-03-23,41.23500061035156,74.77799987792969,87.18000030517578,20.1026668548584,117.0
2018-03-26,43.192501068115234,77.79299926757812,93.77999877929688,20.278667449951172,120.63999938964844
2018-03-27,42.084999084472656,74.85250091552734,89.47000122070312,18.61199951171875,117.4000015258789
2018-03-28,41.619998931884766,71.57099914550781,89.38999938964844,17.185333251953125,116.98999786376953
2018-03-29,41.94499969482422,72.36699676513672,91.2699966430664,17.742000579833984,119.62000274658203
2018-04-02,41.66999816894531,68.59950256347656,88.5199966430664,16.832000732421875,118.38999938964844
2018-04-03,42.09749984741211,69.60250091552734,89.70999908447266,17.8353328704834,119.19999694824219
2018-04-04,42.90250015258789,70.52850341796875,92.33000183105469,19.12933349609375,119.80999755859375
2018-04-05,43.20000076293945,72.5875015258789,92.37999725341797,20.381332397460938,121.19000244140625
2018-04-06,42.095001220703125,70.2614974975586,90.2300033569336,19.953332901000977,117.69999694824219
2018-04-09,42.51250076293945,70.30400085449219,90.7699966430664,19.310667037963867,118.79000091552734
2018-04-10,43.3125,71.81099700927734,92.87999725341797,20.31333351135254,120.72000122070312
2018-04-11,43.11000061035156,71.35250091552734,91.86000061035156,20.062000274658203,119.77999877929688
2018-04-12,43.53499984741211,72.42500305175781,93.58000183105469,19.60533332824707,121.06999969482422
2018-04-13,43.682498931884766,71.53949737548828,93.08000183105469,20.022666931152344,120.75
2018-04-16,43.95500183105469,72.07499694824219,94.16999816894531,19.413999557495117,121.87999725341797
2018-04-17,44.560001373291016,75.19149780273438,96.06999969482422,19.179332733154297,123.80000305175781
2018-04-18,44.459999084472656,76.39199829101562,96.44000244140625,19.55666732788086,124.4800033569336
2018-04-19,43.20000076293945,77.84549713134766,96.11000061035156,20.005332946777344,123.95999908447266
2018-04-20,41.43000030517578,76.37449645996094,95.0,19.349332809448242,124.19999694824219
2018-04-23,41.310001373291016,75.89299774169922,95.3499984741211,18.891332626342773,124.45999908447266
2018-04-24,40.73500061035156,73.00450134277344,93.12000274658203,18.8973331451416,121.2699966430664
2018-04-25,40.912498474121094,73.00849914550781,92.30999755859375,18.71266746520996,121.20999908447266
2018-04-26,41.05500030517578,75.89800262451172,94.26000213623047,19.031999588012695,127.08000183105469
2018-04-27,40.58000183105469,78.63099670410156,95.81999969482422,19.60533332824707,126.01000213623047
2018-04-30,41.314998626708984,78.30650329589844,93.5199966430664,19.593332290649414,126.87999725341797
2018-05-01,42.275001525878906,79.11299896240234,95.0,19.994667053222656,127.51000213623047
2018-05-02,44.14250183105469,78.48400115966797,93.51000213623047,20.07666778564453,126.37999725341797
2018-05-03,44.22249984741211,78.60399627685547,94.06999969482422,18.963333129882812,127.18000030517578
2018-05-04,45.95750045776367,79.04750061035156,95.16000366210938,19.606000900268555,128.16000366210938
2018-05-07,46.290000915527344,80.00700378417969,96.22000122070312,20.184667587280273,129.25999450683594
2018-05-08,46.51250076293945,79.61949920654297,95.80999755859375,20.131332397460938,129.89999389648438
2018-05-09,46.84000015258789,80.4000015258789,96.94000244140625,20.456666946411133,130.83999633789062
2018-05-10,47.5099983215332,80.4540023803711,97.91000366210938,20.334667205810547,131.0
2018-05-11,47.147499084472656,80.14550018310547,97.69999694824219,20.070667266845703,131.82000732421875
2018-05-14,47.037498474121094,80.0770034790039,98.02999877929688,19.46466636657715,131.2100067138672
2018-05-15,46.61000061035156,78.80599975585938,97.31999969482422,18.94533348083496,131.10000610351562
2018-05-16,47.04499816894531,79.36399841308594,97.1500015258789,19.09866714477539,130.88999938964844
2018-05-17,46.747501373291016,79.08799743652344,96.18000030517578,18.96933364868164,129.92999267578125
2018-05-18,46.57749938964844,78.71849822998047,96.36000061035156,18.454666137695312,129.92999267578125
2018-05-21,46.907501220703125,79.27300262451172,97.5999984741211,18.965999603271484,130.66000366210938
2018-05-22,46.790000915527344,79.06999969482422,97.5,18.333999633789062,130.7100067138672
2018-05-23,47.09000015258789,80.09300231933594,98.66000366210938,18.60466766357422,131.8800048828125
2018-05-24,47.037498474121094,80.15350341796875,98.30999755859375,18.523332595825195,131.88999938964844
2018-05-25,47.14500045776367,80.50749969482422,98.36000061035156,18.59000015258789,131.27999877929688
2018-05-29,46.974998474121094,80.64350128173828,98.01000213623047,18.917333602905273,129.69000244140625
2018-05-30,46.875,81.24449920654297,98.94999694824219,19.447999954223633,130.63999938964844
2018-05-31,46.717498779296875,81.48100280761719,98.83999633789062,18.98200035095215,130.72000122070312
2018-06-01,47.560001373291016,82.0770034790039,100.79000091552734,19.454666137695312,130.85000610351562
2018-06-04,47.95750045776367,83.26349639892578,101.66999816894531,19.78266716003418,133.07000732421875
2018-06-05,48.32749938964844,84.81749725341797,102.19000244140625,19.408666610717773,133.55999755859375
2018-06-06,48.494998931884766,84.7874984741211,102.48999786376953,21.299999237060547,136.27999877929688
2018-06-07,48.3650016784668,84.46499633789062,100.87999725341797,21.07266616821289,133.83999633789062
2018-06-08,47.92499923706055,84.19950103759766,101.62999725341797,21.17733383178711,134.74000549316406
2018-06-11,47.807498931884766,84.45600128173828,101.05000305175781,22.139999389648438,133.91000366210938
2018-06-12,48.06999969482422,84.9375,101.30999755859375,22.851333618164062,134.86000061035156
2018-06-13,47.67499923706055,85.24299621582031,100.8499984741211,22.985332489013672,134.39999389648438
2018-06-14,47.70000076293945,86.19300079345703,101.41999816894531,23.847999572753906,135.0
2018-06-15,47.209999084472656,85.79850006103516,100.12999725341797,23.878000259399414,135.10000610351562
2018-06-18,47.185001373291016,86.18949890136719,100.86000061035156,24.722000122070312,136.1999969482422
2018-06-19,46.42250061035156,86.73899841308594,100.86000061035156,23.503332138061523,135.11000061035156
2018-06-20,46.625,87.50399780273438,101.87000274658203,24.148000717163086,135.5
2018-06-21,46.3650016784668,86.51100158691406,101.13999938964844,23.167333602905273,134.52999877929688
2018-06-22,46.22999954223633,85.78350067138672,100.41000366210938,22.242000579833984,135.3300018310547
2018-06-25,45.54249954223633,83.15750122070312,98.38999938964844,22.200666427612305,130.92999267578125
2018-06-26,46.10749816894531,84.55449676513672,99.08000183105469,22.799999237060547,132.5500030517578
2018-06-27,46.040000915527344,83.02549743652344,97.54000091552734,22.96666717529297,131.02000427246094
2018-06-28,46.375,85.07250213623047,98.62999725341797,23.32866668701172,132.74000549316406
2018-06-29,46.27750015258789,84.98999786376953,98.61000061035156,22.863332748413086,132.4499969482422
2018-07-02,46.79499816894531,85.68900299072266,100.01000213623047,22.33799934387207,132.5
2018-07-03,45.97999954223633,84.697998046875,99.05000305175781,20.724000930786133,131.4499969482422
2018-07-05,46.349998474121094,84.98650360107422,99.76000213623047,20.610666275024414,133.2899932861328
2018-07-06,46.99250030517578,85.53150177001953,101.16000366210938,20.593332290649414,134.08999633789062
2018-07-09,47.64500045776367,86.95099639892578,101.8499984741211,21.233999252319336,135.52000427246094
2018-07-10,47.587501525878906,87.15350341796875,102.12000274658203,21.49799919128418,136.69000244140625
2018-07-11,46.970001220703125,87.75,101.9800033569336,21.263999938964844,138.14999389648438
2018-07-12,47.75749969482422,89.83100128173828,104.19000244140625,21.11400032043457,139.89999389648438
2018-07-13,47.83250045776367,90.65149688720703,105.43000030517578,21.257999420166016,139.4199981689453
2018-07-16,47.727500915527344,91.12449645996094,104.91000366210938,20.67333221435547,138.4600067138672
2018-07-17,47.86249923706055,92.19650268554688,105.94999694824219,21.512666702270508,139.63999938964844
2018-07-18,47.599998474121094,92.14600372314453,105.12000274658203,21.59000015258789,140.89999389648438
2018-07-19,47.970001220703125,90.64849853515625,104.4000015258789,21.34866714477539,140.1300048828125
2018-07-20,47.86000061035156,90.68499755859375,106.2699966430664,20.905332565307617,140.99000549316406
2018-07-23,47.90250015258789,90.0999984741211,107.97000122070312,20.213333129882812,140.02999877929688
2018-07-24,48.25,91.46199798583984,107.66000366210938,19.82866668701172,140.02999877929688
2018-07-25,48.70500183105469,93.18049621582031,110.83000183105469,20.582666397094727,142.63999938964844
2018-07-26,48.5525016784668,90.4000015258789,109.62000274658203,20.44333267211914,142.5
2018-07-27,47.744998931884766,90.8635025024414,107.68000030517578,19.812000274658203,140.7100067138672
2018-07-30,47.477500915527344,88.96099853515625,105.37000274658203,19.344667434692383,136.47999572753906
2018-07-31,47.5724983215332,88.87200164794922,106.08000183105469,19.875999450683594,136.74000549316406
2018-08-01,50.375,89.8584976196289,106.27999877929688,20.055999755859375,138.25
2018-08-02,51.84749984741211,91.71649932861328,107.56999969482422,23.30266761779785,138.9199981689453
2018-08-03,51.997501373291016,91.16449737548828,108.04000091552734,23.211332321166992,139.82000732421875
2018-08-06,52.26750183105469,92.38749694824219,108.12999725341797,22.799333572387695,139.7100067138672
2018-08-07,51.77750015258789,93.1240005493164,108.87999725341797,25.30466651916504,140.27999877929688
2018-08-08,51.8125,94.32599639892578,109.48999786376953,24.689332962036133,140.67999267578125
2018-08-09,52.220001220703125,94.9260025024414,109.66999816894531,23.496667861938477,140.00999450683594
2018-08-10,51.88249969482422,94.31500244140625,109.0,23.69933319091797,139.72999572753906
2018-08-13,52.217498779296875,94.80999755859375,108.20999908447266,23.76066780090332,140.2100067138672
2018-08-14,52.4375,95.98249816894531,109.55999755859375,23.176000595092773,140.75999450683594
2018-08-15,52.560001373291016,94.13099670410156,107.66000366210938,22.57933235168457,139.9199981689453
2018-08-16,53.33000183105469,94.32599639892578,107.63999938964844,22.363332748413086,140.64999389648438
2018-08-17,54.39500045776367,94.11100006103516,107.58000183105469,20.366666793823242,141.3300018310547
2018-08-20,53.8650016784668,93.83550262451172,106.87000274658203,20.562667846679688,140.94000244140625
2018-08-21,53.7599983215332,94.1709976196289,105.9800033569336,21.459999084472656,140.0399932861328
2018-08-22,53.76250076293945,95.24500274658203,107.05999755859375,21.44266700744629,141.13999938964844
2018-08-23,53.872501373291016,95.1449966430664,107.55999755859375,21.34000015258789,142.10000610351562
2018-08-24,54.040000915527344,95.26950073242188,108.4000015258789,21.521333694458008,144.1999969482422
2018-08-27,54.48500061035156,96.38400268554688,109.5999984741211,21.284666061401367,145.39999389648438
2018-08-28,54.92499923706055,96.64099884033203,110.26000213623047,20.790666580200195,145.1999969482422
2018-08-29,55.744998931884766,99.90499877929688,112.0199966430664,20.333999633789062,147.02999877929688
2018-08-30,56.25749969482422,100.11900329589844,111.94999694824219,20.209999084472656,146.74000549316406
2018-08-31,56.907501220703125,100.635498046875,112.33000183105469,20.110666275024414,146.88999938964844
2018-09-04,57.09000015258789,101.97550201416016,111.70999908447266,19.26333236694336,147.8000030517578
2018-09-05,56.717498779296875,99.74099731445312,108.48999786376953,18.715999603271484,142.6699981689453
2018-09-06,55.775001525878906,97.91549682617188,108.73999786376953,18.729999542236328,144.5
2018-09-07,55.32500076293945,97.60350036621094,108.20999908447266,17.549333572387695,143.1999969482422
2018-09-10,54.58250045776367,96.95050048828125,109.37999725341797,19.03333282470703,144.0800018310547
2018-09-11,55.962501525878906,99.35749816894531,111.23999786376953,18.62933349609375,145.49000549316406
2018-09-12,55.26750183105469,99.5,111.70999908447266,19.369333267211914,146.57000732421875
2018-09-13,56.602500915527344,99.49349975585938,112.91000366210938,19.297332763671875,147.6300048828125
2018-09-14,55.959999084472656,98.5094985961914,113.37000274658203,19.68000030517578,147.83999633789062
2018-09-17,54.470001220703125,95.40149688720703,112.13999938964844,19.6560001373291,146.17999267578125
2018-09-18,54.560001373291016,97.05249786376953,113.20999908447266,18.997333526611328,147.6300048828125
2018-09-19,54.592498779296875,96.32099914550781,111.69999694824219,19.934667587280273,147.4199981689453
2018-09-20,55.00749969482422,97.21499633789062,113.56999969482422,19.8886661529541,149.24000549316406
2018-09-21,54.415000915527344,95.75050354003906,114.26000213623047,19.940000534057617,150.0500030517578
2018-09-24,55.1974983215332,96.71800231933594,114.66999816894531,19.978666305541992,149.11000061035156
2018-09-25,55.54750061035156,98.72750091552734,114.44999694824219,20.06599998474121,149.5800018310547
2018-09-26,55.10499954223633,98.74250030517578,113.9800033569336,20.6386661529541,149.27000427246094
2018-09-27,56.23749923706055,100.64900207519531,114.41000366210938,20.501333236694336,150.02000427246094
2018-09-28,56.435001373291016,100.1500015258789,114.37000274658203,17.65133285522461,150.08999633789062
2018-10-01,56.814998626708984,100.21800231933594,115.61000061035156,20.713333129882812,150.7899932861328
2018-10-02,57.31999969482422,98.56549835205078,115.1500015258789,20.06800079345703,149.6699981689453
2018-10-03,58.01750183105469,97.63800048828125,115.16999816894531,19.65333366394043,149.3699951171875
2018-10-04,56.997501373291016,95.47100067138672,112.79000091552734,18.788667678833008,146.75999450683594
2018-10-05,56.0724983215332,94.48249816894531,112.12999725341797,17.463333129882812,145.36000061035156
2018-10-08,55.942501068115234,93.22100067138672,110.8499984741211,16.70400047302246,141.88999938964844
2018-10-09,56.717498779296875,93.51599884033203,112.26000213623047,17.520000457763672,142.30999755859375
2018-10-10,54.09000015258789,87.76249694824219,106.16000366210938,17.125333786010742,135.52000427246094
2018-10-11,53.61249923706055,85.96800231933594,105.91000366210938,16.815332412719727,133.72999572753906
2018-10-12,55.52750015258789,89.43049621582031,109.56999969482422,17.25200080871582,140.05999755859375
2018-10-15,54.34000015258789,88.04750061035156,107.5999984741211,17.305999755859375,137.22999572753906
2018-10-16,55.537498474121094,90.99800109863281,111.0,18.439332962036133,141.74000549316406
2018-10-17,55.29750061035156,91.58650207519531,110.70999908447266,18.118667602539062,142.4499969482422
2018-10-18,54.005001068115234,88.53600311279297,108.5,17.5939998626709,139.2899932861328
2018-10-19,54.82749938964844,88.20149993896484,108.66000366210938,17.333332061767578,140.0800018310547
2018-10-22,55.162498474121094,89.46499633789062,109.62999725341797,17.39666748046875,140.63999938964844
2018-10-23,55.682498931884766,88.43499755859375,108.0999984741211,19.609333038330078,139.1199951171875
2018-10-24,53.772499084472656,83.20999908447266,102.31999969482422,19.233333587646484,134.25999450683594
2018-10-25,54.95000076293945,89.1084976196289,108.30000305175781,20.99066734313965,140.52000427246094
2018-10-26,54.07500076293945,82.1405029296875,106.95999908447266,22.059999465942383,137.74000549316406
2018-10-29,53.060001373291016,76.94400024414062,103.8499984741211,22.323333740234375,134.3300018310547
2018-10-30,53.32500076293945,76.52100372314453,103.7300033569336,21.99333381652832,132.75999450683594
2018-10-31,54.71500015258789,79.90049743652344,106.80999755859375,22.488000869750977,137.85000610351562
2018-11-01,55.55500030517578,83.27649688720703,105.91999816894531,22.95199966430664,140.8300018310547
2018-11-02,51.869998931884766,83.27649688720703,106.16000366210938,23.0939998626709,139.77999877929688
2018-11-05,50.397499084472656,81.38999938964844,107.51000213623047,22.760000228881836,139.8000030517578
2018-11-06,50.942501068115234,82.1405029296875,107.72000122070312,22.737333297729492,140.7899932861328
2018-11-07,52.48749923706055,87.77449798583984,111.95999908447266,23.21066665649414,144.77999877929688
2018-11-08,52.122501373291016,87.74549865722656,111.75,23.426666259765625,145.22999572753906
2018-11-09,51.11750030517578,85.62149810791016,109.56999969482422,23.367332458496094,143.92999267578125
2018-11-12,48.54249954223633,81.84249877929688,106.87000274658203,22.0853328704834,139.72000122070312
2018-11-13,48.057498931884766,81.55850219726562,106.94000244140625,22.582000732421875,139.72000122070312
2018-11-14,46.70000076293945,79.95050048828125,104.97000122070312,22.933332443237305,139.49000549316406
2018-11-15,47.852500915527344,80.97200012207031,107.27999877929688,23.229333877563477,141.83999633789062
2018-11-16,48.38249969482422,79.67050170898438,108.29000091552734,23.62066650390625,140.17999267578125
2018-11-19,46.46500015258789,75.614501953125,104.62000274658203,23.564666748046875,134.75999450683594
2018-11-20,44.244998931884766,74.77300262451172,101.70999908447266,23.166000366210938,133.3699951171875
2018-11-21,44.19499969482422,75.83650207519531,103.11000061035156,22.54599952697754,134.4199981689453
2018-11-23,43.0724983215332,75.10299682617188,103.06999969482422,21.722000122070312,132.8699951171875
2018-11-26,43.654998779296875,79.06649780273438,106.47000122070312,23.066667556762695,135.94000244140625
2018-11-27,43.560001373291016,79.07099914550781,107.13999938964844,22.92799949645996,135.91000366210938
2018-11-28,45.23500061035156,83.88749694824219,111.12000274658203,23.191333770751953,141.3800048828125
2018-11-29,44.88750076293945,83.67849731445312,110.19000244140625,22.744667053222656,139.10000610351562
2018-11-30,44.64500045776367,84.50849914550781,110.88999938964844,23.365333557128906,141.7100067138672
2018-12-03,46.20500183105469,88.61799621582031,112.08999633789062,23.89933204650879,145.0
2018-12-04,44.17250061035156,83.41999816894531,108.5199966430664,23.979999542236328,138.63999938964844
2018-12-06,43.68000030517578,84.95950317382812,109.19000244140625,24.20400047302246,141.0500030517578
2018-12-07,42.122501373291016,81.45649719238281,104.81999969482422,23.864667892456055,137.11000061035156
2018-12-10,42.400001525878906,82.05149841308594,107.58999633789062,24.343332290649414,137.8800048828125
2018-12-11,42.157501220703125,82.16200256347656,108.58999633789062,24.450666427612305,136.80999755859375
2018-12-12,42.275001525878906,83.177001953125,109.08000183105469,24.440000534057617,137.8000030517578
2018-12-13,42.73749923706055,82.91899871826172,109.44999694824219,25.119333267211914,137.5399932861328
2018-12-14,41.369998931884766,79.59549713134766,106.02999877929688,24.380666732788086,135.08999633789062
2018-12-17,40.98500061035156,76.04550170898438,102.88999938964844,23.22800064086914,131.39999389648438
2018-12-18,41.51750183105469,77.5739974975586,103.97000122070312,22.468666076660156,132.66000366210938
2018-12-19,40.22249984741211,74.75399780273438,103.69000244140625,22.197999954223633,131.25999450683594
2018-12-20,39.20750045776367,73.04149627685547,101.51000213623047,21.025333404541016,128.75999450683594
2018-12-21,37.682498931884766,68.87249755859375,98.2300033569336,21.31800079345703,124.26000213623047
2018-12-24,36.70750045776367,67.197998046875,94.12999725341797,19.69266700744629,121.7300033569336
2018-12-26,39.29249954223633,73.54499816894531,100.55999755859375,21.73933219909668,130.22999572753906
2018-12-27,39.037498474121094,73.08200073242188,101.18000030517578,21.075332641601562,132.00999450683594
2018-12-28,39.057498931884766,73.9010009765625,100.38999938964844,22.257999420166016,130.94000244140625
2018-12-31,39.435001373291016,75.09850311279297,101.56999969482422,22.18666648864746,131.94000244140625
2019-01-02,39.47999954223633,76.95649719238281,101.12000274658203,20.674667358398438,132.9199981689453
2019-01-03,35.54750061035156,75.01399993896484,97.4000015258789,20.02400016784668,128.1300048828125
2019-01-04,37.064998626708984,78.76950073242188,101.93000030517578,21.179332733154297,133.64999389648438
2019-01-07,36.98249816894531,81.47550201416016,102.05999755859375,22.33066749572754,136.05999755859375
2019-01-08,37.6875,82.8290023803711,102.80000305175781,22.356666564941406,136.8000030517578
2019-01-09,38.32749938964844,82.97100067138672,104.2699966430664,22.568666458129883,138.41000366210938
2019-01-10,38.45000076293945,82.81099700927734,103.5999984741211,22.99799919128418,138.6699981689453
2019-01-11,38.0724983215332,82.02799987792969,102.80000305175781,23.150667190551758,138.05999755859375
2019-01-14,37.5,80.8604965209961,102.05000305175781,22.293333053588867,137.10000610351562
2019-01-15,38.26750183105469,83.72799682617188,105.01000213623047,22.961999893188477,137.33999633789062
2019-01-16,38.73500061035156,84.18900299072266,105.37999725341797,23.06999969482422,137.33999633789062
2019-01-17,38.96500015258789,84.66100311279297,106.12000274658203,23.15399932861328,137.27999877929688
2019-01-18,39.20500183105469,84.80999755859375,107.70999908447266,20.150667190551758,138.5
2019-01-22,38.32500076293945,81.6084976196289,105.68000030517578,19.92799949645996,138.0500030517578
2019-01-23,38.47999954223633,82.0009994506836,106.70999908447266,19.172666549682617,137.00999450683594
2019-01-24,38.17499923706055,82.74649810791016,106.19999694824219,19.43400001525879,137.6999969482422
2019-01-25,39.439998626708984,83.52850341796875,107.16999816894531,19.80266761779785,138.6699981689453
2019-01-28,39.07500076293945,81.89450073242188,105.08000183105469,19.7586669921875,135.99000549316406
2019-01-29,38.66999816894531,79.69400024414062,102.94000244140625,19.83066749572754,135.0
2019-01-30,41.3125,83.52149963378906,106.37999725341797,20.584667205810547,137.60000610351562
2019-01-31,41.61000061035156,85.9365005493164,104.43000030517578,20.468000411987305,135.00999450683594
2019-02-01,41.630001068115234,81.3115005493164,102.77999877929688,20.81399917602539,140.14999389648438
2019-02-04,42.8125,81.66549682617188,105.73999786376953,20.859333038330078,141.5
2019-02-05,43.54499816894531,82.94049835205078,107.22000122070312,21.42333221435547,142.52999877929688
2019-02-06,43.560001373291016,82.01300048828125,106.02999877929688,21.148000717163086,141.49000549316406
2019-02-07,42.73500061035156,80.71849822998047,105.2699966430664,20.500667572021484,140.1699981689453
2019-02-08,42.602500915527344,79.41100311279297,105.66999816894531,20.386667251586914,140.3800048828125
2019-02-11,42.35749816894531,79.55000305175781,105.25,20.856000900268555,140.8000030517578
2019-02-12,42.72249984741211,81.90049743652344,106.88999938964844,20.78733253479004,141.99000549316406
2019-02-13,42.54499816894531,82.0,106.80999755859375,20.544666290283203,143.49000549316406
2019-02-14,42.70000076293945,81.13249969482422,106.9000015258789,20.251333236694336,143.16000366210938
2019-02-15,42.60499954223633,80.39749908447266,108.22000122070312,20.525333404541016,144.91000366210938
2019-02-19,42.73249816894531,81.37899780273438,108.16999816894531,20.375999450683594,144.44000244140625
2019-02-20,43.00749969482422,81.1050033569336,107.1500015258789,20.17066764831543,144.72999572753906
2019-02-21,42.76499938964844,80.97200012207031,109.41000366210938,19.415332794189453,144.0
2019-02-22,43.24250030517578,81.5780029296875,110.97000122070312,19.6473331451416,145.8699951171875
2019-02-25,43.557498931884766,81.6500015258789,111.58999633789062,19.917999267578125,146.05999755859375
2019-02-26,43.58250045776367,81.81999969482422,112.36000061035156,19.857332229614258,147.0399932861328
2019-02-27,43.717498779296875,82.05449676513672,112.16999816894531,20.982667922973633,147.22000122070312
2019-02-28,43.287498474121094,81.99150085449219,112.02999877929688,21.325332641601562,148.1199951171875
2019-03-01,43.74250030517578,83.58650207519531,112.52999877929688,19.652666091918945,149.47000122070312
2019-03-04,43.962501525878906,84.80850219726562,112.26000213623047,19.02400016784668,147.9600067138672
2019-03-05,43.88249969482422,84.62149810791016,111.69999694824219,18.43600082397461,147.9499969482422
2019-03-06,43.630001068115234,83.44750213623047,111.75,18.416000366210938,147.80999755859375
2019-03-07,43.125,81.29750061035156,110.38999938964844,18.439332962036133,146.8300018310547
2019-03-08,43.227500915527344,81.04000091552734,110.51000213623047,18.94266700744629,147.35000610351562
2019-03-11,44.724998474121094,83.53099822998047,112.83000183105469,19.39466667175293,150.6699981689453
2019-03-12,45.227500915527344,83.65499877929688,113.62000274658203,18.890666961669922,151.72999572753906
2019-03-13,45.4275016784668,84.54049682617188,114.5,19.263999938964844,152.47000122070312
2019-03-14,45.932498931884766,84.31099700927734,114.58999633789062,19.33066749572754,154.1999969482422
2019-03-15,46.529998779296875,85.61799621582031,115.91000366210938,18.36199951171875,155.4600067138672
2019-03-18,47.005001068115234,87.10749816894531,117.56999969482422,17.965999603271484,154.9600067138672
2019-03-19,46.63249969482422,88.09249877929688,117.6500015258789,17.83133316040039,154.58999633789062
2019-03-20,47.040000915527344,89.8635025024414,117.5199966430664,18.239999771118164,153.75
2019-03-21,48.772499084472656,90.96299743652344,120.22000122070312,18.26799964904785,155.8000030517578
2019-03-22,47.76250076293945,88.2385025024414,117.05000305175781,17.635332107543945,153.07000732421875
2019-03-25,47.185001373291016,88.71299743652344,117.66000366210938,17.3613338470459,153.02999877929688
2019-03-26,46.6974983215332,89.18800354003906,117.91000366210938,17.851333618164062,155.3000030517578
2019-03-27,47.11750030517578,88.28500366210938,116.7699966430664,18.32200050354004,154.22000122070312
2019-03-28,47.18000030517578,88.6709976196289,116.93000030517578,18.57466697692871,154.6699981689453
2019-03-29,47.48749923706055,89.0374984741211,117.94000244140625,18.657333374023438,156.19000244140625
2019-04-01,47.810001373291016,90.70950317382812,119.0199966430664,19.278667449951172,157.25999450683594
2019-04-02,48.505001068115234,90.6989974975586,119.19000244140625,19.058666229248047,157.77999877929688
2019-04-03,48.837501525878906,91.03500366210938,119.97000122070312,19.45400047302246,158.4600067138672
2019-04-04,48.92250061035156,90.94300079345703,119.36000061035156,17.851999282836914,157.63999938964844
2019-04-05,49.25,91.86399841308594,119.88999938964844,18.33066749572754,157.64999389648438
2019-04-08,50.025001525878906,92.49299621582031,119.93000030517578,18.213333129882812,157.75
2019-04-09,49.875,91.79199981689453,119.27999877929688,18.15399932861328,157.49000549316406
2019-04-10,50.154998779296875,92.36650085449219,120.19000244140625,18.40399932861328,158.55999755859375
2019-04-11,49.73749923706055,92.20349884033203,120.33000183105469,17.89466667175293,157.86000061035156
2019-04-12,49.717498779296875,92.15299987792969,120.94999694824219,17.84666633605957,159.63999938964844
2019-04-15,49.807498931884766,92.24349975585938,121.05000305175781,17.7586669921875,160.44000244140625
2019-04-16,49.8125,93.1520004272461,120.7699966430664,18.224000930786133,160.22999572753906
2019-04-17,50.782501220703125,93.24099731445312,121.7699966430664,18.082000732421875,160.44000244140625
2019-04-18,50.96500015258789,93.08450317382812,123.37000274658203,18.21733283996582,160.16000366210938
2019-04-22,51.13249969482422,94.3655014038086,123.76000213623047,17.516666412353516,160.39999389648438
2019-04-23,51.869998931884766,96.1884994506836,125.44000244140625,17.593332290649414,161.66000366210938
2019-04-24,51.790000915527344,95.0875015258789,125.01000213623047,17.243999481201172,161.49000549316406
2019-04-25,51.31999969482422,95.11250305175781,129.14999389648438,16.5086669921875,161.02000427246094
2019-04-26,51.07500076293945,97.53150177001953,129.88999938964844,15.675999641418457,162.92999267578125
2019-04-29,51.15250015258789,96.92150115966797,129.77000427246094,16.097999572753906,164.14999389648438
2019-04-30,50.16749954223633,96.32599639892578,130.60000610351562,15.912667274475098,164.42999267578125
2019-05-01,52.630001068115234,95.57599639892578,127.87999725341797,15.600666999816895,162.7899932861328
2019-05-02,52.287498474121094,95.04100036621094,126.20999908447266,16.273332595825195,161.1199951171875
2019-05-03,52.9375,98.12300109863281,128.89999389648438,17.00200080871582,162.0399932861328
2019-05-06,52.119998931884766,97.52749633789062,128.14999389648438,17.022666931152344,162.27999877929688
2019-05-07,50.71500015258789,96.05000305175781,125.5199966430664,16.470666885375977,160.2100067138672
2019-05-08,50.724998474121094,95.88849639892578,125.51000213623047,16.32266616821289,160.75999450683594
2019-05-09,50.18000030517578,94.99349975585938,125.5,16.131999969482422,159.80999755859375
2019-05-10,49.29499816894531,94.4990005493164,127.12999725341797,15.968000411987305,160.7100067138672
2019-05-13,46.43000030517578,91.13400268554688,123.3499984741211,15.133999824523926,157.3300018310547
2019-05-14,47.165000915527344,92.00599670410156,124.7300033569336,15.487333297729492,160.2100067138672
2019-05-15,47.72999954223633,93.55750274658203,126.0199966430664,15.463333129882812,162.7899932861328
2019-05-16,47.52000045776367,95.37850189208984,128.92999267578125,15.222000122070312,164.8699951171875
2019-05-17,47.25,93.44999694824219,128.07000732421875,14.0686674118042,164.08999633789062
2019-05-20,45.772499084472656,92.94850158691406,126.22000122070312,13.690667152404785,163.47000122070312
2019-05-21,46.650001525878906,92.8759994506836,126.9000015258789,13.67199993133545,163.86000061035156
2019-05-22,45.69499969482422,92.98400115966797,127.66999816894531,12.84866714477539,164.24000549316406
2019-05-23,44.915000915527344,90.77400207519531,126.18000030517578,13.03266716003418,161.50999450683594
2019-05-24,44.74250030517578,91.16400146484375,126.23999786376953,12.708666801452637,162.63999938964844
2019-05-28,44.557498931884766,91.82150268554688,126.16000366210938,12.579999923706055,163.7100067138672
2019-05-29,44.345001220703125,90.95950317382812,124.94000244140625,12.657333374023438,162.72999572753906
2019-05-30,44.57500076293945,90.81600189208984,125.7300033569336,12.54800033569336,162.75999450683594
2019-05-31,43.76750183105469,88.75350189208984,123.68000030517578,12.343999862670898,161.3300018310547
2019-06-03,43.32500076293945,84.6344985961914,119.83999633789062,11.9313325881958,158.60000610351562
2019-06-04,44.90999984741211,86.47799682617188,123.16000366210938,12.90666675567627,162.3300018310547
2019-06-05,45.6349983215332,86.92500305175781,125.83000183105469,13.105999946594238,165.38999938964844
2019-06-06,46.30500030517578,87.71800231933594,127.81999969482422,13.729999542236328,166.9199981689453
2019-06-07,47.537498474121094,90.20149993896484,131.39999389648438,13.633333206176758,170.0500030517578
2019-06-10,48.14500045776367,93.03150177001953,132.60000610351562,14.192000389099121,170.82000732421875
2019-06-11,48.70249938964844,93.18499755859375,132.10000610351562,14.473333358764648,170.30999755859375
2019-06-12,48.54750061035156,92.76599884033203,131.49000549316406,13.950667381286621,171.58999633789062
2019-06-13,48.537498474121094,93.51499938964844,132.32000732421875,14.260666847229004,169.35000610351562
2019-06-14,48.185001373291016,93.4834976196289,132.4499969482422,14.32800006866455,169.66000366210938
2019-06-17,48.47249984741211,94.30149841308594,132.85000610351562,15.001999855041504,169.55999755859375
2019-06-18,49.61249923706055,95.06849670410156,135.16000366210938,14.982666969299316,169.27999877929688
2019-06-19,49.467498779296875,95.43949890136719,135.69000244140625,15.095333099365234,170.69000244140625
2019-06-20,49.8650016784668,95.90950012207031,136.9499969482422,14.641332626342773,173.74000549316406
2019-06-21,49.69499969482422,95.56500244140625,136.97000122070312,14.790666580200195,173.44000244140625
2019-06-24,49.64500045776367,95.69499969482422,137.77999877929688,14.909333229064941,173.85000610351562
2019-06-25,48.89250183105469,93.91349792480469,133.42999267578125,14.650667190551758,171.27999877929688
2019-06-26,49.95000076293945,94.8915023803711,133.92999267578125,14.618000030517578,171.05999755859375
2019-06-27,49.935001373291016,95.21399688720703,134.14999389648438,14.855999946594238,171.22999572753906
2019-06-28,49.47999954223633,94.68150329589844,133.9600067138672,14.897333145141602,173.5500030517578
2019-07-01,50.38750076293945,96.1094970703125,135.67999267578125,15.14466667175293,173.94000244140625
2019-07-02,50.682498931884766,96.71549987792969,136.5800018310547,14.970000267028809,175.27999877929688
2019-07-03,51.102500915527344,96.94999694824219,137.4600067138672,15.65999984741211,176.8699951171875
2019-07-05,51.057498931884766,97.14550018310547,137.05999755859375,15.539999961853027,176.66000366210938
2019-07-08,50.005001068115234,97.61599731445312,136.9600067138672,15.355999946594238,176.19000244140625
2019-07-09,50.310001373291016,99.41500091552734,136.4600067138672,15.337332725524902,177.72999572753906
2019-07-10,50.807498931884766,100.87049865722656,137.85000610351562,15.928000450134277,179.30999755859375
2019-07-11,50.4375,100.05349731445312,138.39999389648438,15.90666675567627,180.74000549316406
2019-07-12,50.82500076293945,100.55000305175781,138.89999389648438,16.338666915893555,180.3300018310547
2019-07-15,51.3025016784668,101.04949951171875,138.89999389648438,16.899999618530273,180.57000732421875
2019-07-16,51.125,100.49500274658203,137.0800018310547,16.825332641601562,179.30999755859375
2019-07-17,50.837501525878906,99.60150146484375,136.27000427246094,16.99066734313965,179.14999389648438
2019-07-18,51.415000915527344,98.8949966430664,136.4199981689453,16.902666091918945,180.52999877929688
2019-07-19,50.647499084472656,98.22599792480469,136.6199951171875,17.211999893188477,179.24000549316406
2019-07-22,51.80500030517578,99.28150177001953,138.42999267578125,17.045333862304688,180.57000732421875
2019-07-23,52.209999084472656,99.72450256347656,139.2899932861328,17.344667434692383,180.89999389648438
2019-07-24,52.16749954223633,100.04049682617188,140.72000122070312,17.658666610717773,183.3300018310547
2019-07-25,51.755001068115234,98.69100189208984,140.19000244140625,15.254667282104492,181.58999633789062
2019-07-26,51.935001373291016,97.15249633789062,141.33999633789062,15.202667236328125,183.69000244140625
2019-07-29,52.41999816894531,95.62249755859375,141.02999877929688,15.718000411987305,183.2100067138672
2019-07-30,52.19499969482422,94.92649841308594,140.35000610351562,16.150667190551758,181.52999877929688
2019-07-31,53.2599983215332,93.33899688720703,136.27000427246094,16.107332229614258,178.0
2019-08-01,52.10749816894531,92.76599884033203,138.05999755859375,15.59000015258789,179.1699981689453
2019-08-02,51.005001068115234,91.16200256347656,136.89999389648438,15.62266731262207,177.4199981689453
2019-08-05,48.334999084472656,88.25650024414062,132.2100067138672,15.221332550048828,168.86000061035156
2019-08-06,49.25,89.3915023803711,134.69000244140625,15.383333206176758,172.47999572753906
2019-08-07,49.7599983215332,89.66999816894531,135.27999877929688,15.561332702636719,175.32000732421875
2019-08-08,50.85749816894531,91.64450073242188,138.88999938964844,15.886667251586914,179.89999389648438
2019-08-09,50.247501373291016,90.37899780273438,137.7100067138672,15.667332649230957,179.0500030517578
2019-08-12,50.119998931884766,89.24600219726562,135.7899932861328,15.267333030700684,176.33999633789062
2019-08-13,52.24250030517578,91.21700286865234,138.60000610351562,15.666666984558105,178.61000061035156
2019-08-14,50.6875,88.14800262451172,133.97999572753906,14.641332626342773,173.50999450683594
2019-08-15,50.435001373291016,88.80599975585938,133.67999267578125,14.37600040435791,176.27000427246094
2019-08-16,51.625,89.62850189208984,136.1300048828125,14.662667274475098,178.22999572753906
2019-08-19,52.587501525878906,90.80599975585938,138.41000366210938,15.121999740600586,179.74000549316406
2019-08-20,52.59000015258789,90.06900024414062,137.25999450683594,15.057332992553711,179.24000549316406
2019-08-21,53.15999984741211,91.177001953125,138.7899932861328,14.722000122070312,180.94000244140625
2019-08-22,53.1150016784668,90.23300170898438,137.77999877929688,14.8100004196167,180.08999633789062
2019-08-23,50.65999984741211,87.48100280761719,133.38999938964844,14.09333324432373,175.22999572753906
2019-08-26,51.622501373291016,88.44349670410156,135.4499969482422,14.333333015441895,177.58999633789062
2019-08-27,51.040000915527344,88.09149932861328,135.74000549316406,14.272000312805176,178.3800048828125
2019-08-28,51.38249969482422,88.2125015258789,135.55999755859375,14.37266731262207,178.6699981689453
2019-08-29,52.252498626708984,89.31999969482422,138.1199951171875,14.780667304992676,181.1699981689453
2019-08-30,52.185001373291016,88.81449890136719,137.86000061035156,15.040666580200195,180.82000732421875
2019-09-03,51.42499923706055,89.49199676513672,136.0399932861328,15.000666618347168,179.1999969482422
2019-09-04,52.29750061035156,90.03099822998047,137.6300048828125,14.711999893188477,181.77000427246094
2019-09-05,53.31999969482422,92.03600311279297,140.0500030517578,15.305333137512207,184.72999572753906
2019-09-06,53.314998626708984,91.67549896240234,139.10000610351562,15.16333293914795,185.74000549316406
2019-09-09,53.54249954223633,91.56749725341797,137.52000427246094,15.452667236328125,181.5500030517578
2019-09-10,54.17499923706055,91.02749633789062,136.0800018310547,15.702667236328125,176.35000610351562
2019-09-11,55.897499084472656,91.14949798583984,136.1199951171875,16.47333335876465,174.97999572753906
2019-09-12,55.772499084472656,92.17749786376953,137.52000427246094,16.391332626342773,177.97999572753906
2019-09-13,54.6875,91.96700286865234,137.32000732421875,16.34666633605957,177.27000427246094
2019-09-16,54.974998474121094,90.39199829101562,136.3300018310547,16.187332153320312,176.11000061035156
2019-09-17,55.17499923706055,91.12750244140625,137.38999938964844,16.319332122802734,176.4499969482422
2019-09-18,55.692501068115234,90.87300109863281,138.52000427246094,16.232667922973633,175.2899932861328
2019-09-19,55.2400016784668,91.07499694824219,141.07000732421875,16.440000534057617,175.9600067138672
2019-09-20,54.432498931884766,89.70800018310547,139.44000244140625,16.041332244873047,174.05999755859375
2019-09-23,54.68000030517578,89.26499938964844,139.13999938964844,16.082000732421875,174.91000366210938
2019-09-24,54.41999816894531,87.08049774169922,137.3800048828125,14.880666732788086,174.47999572753906
2019-09-25,55.25749969482422,88.41649627685547,139.36000061035156,15.24666690826416,175.27999877929688
2019-09-26,54.97249984741211,86.99199676513672,139.5399932861328,16.17066764831543,175.64999389648438
2019-09-27,54.70500183105469,86.27249908447266,137.72999572753906,16.142000198364258,174.0
2019-09-30,55.99250030517578,86.79550170898438,139.02999877929688,16.058000564575195,172.00999450683594
2019-10-01,56.147499084472656,86.78250122070312,137.07000732421875,16.312667846679688,174.2899932861328
2019-10-02,54.7400016784668,85.6614990234375,134.64999389648438,16.208667755126953,169.8300018310547
2019-10-03,55.20500183105469,86.22100067138672,136.27999877929688,15.535332679748535,172.8699951171875
2019-10-04,56.752498626708984,86.98249816894531,138.1199951171875,15.428667068481445,175.97999572753906
2019-10-07,56.76499938964844,86.63300323486328,137.1199951171875,15.847999572753906,174.89999389648438
2019-10-08,56.099998474121094,85.27549743652344,135.6699981689453,16.003332138061523,172.4199981689453
2019-10-09,56.75749969482422,86.09950256347656,138.24000549316406,16.302000045776367,174.8800048828125
2019-10-10,57.522499084472656,86.01300048828125,139.10000610351562,16.31599998474121,174.8800048828125
2019-10-11,59.0525016784668,86.59600067138672,139.67999267578125,16.525999069213867,177.05999755859375
2019-10-14,58.967498779296875,86.82150268554688,139.5500030517578,17.130666732788086,177.36000061035156
2019-10-15,58.83000183105469,88.36900329589844,141.57000732421875,17.19266700744629,178.75
2019-10-16,58.592498779296875,88.87149810791016,140.41000366210938,17.316667556762695,177.8699951171875
2019-10-17,58.81999969482422,89.3740005493164,139.69000244140625,17.46466636657715,177.94000244140625
2019-10-18,59.102500915527344,87.87550354003906,137.41000366210938,17.1299991607666,175.7100067138672
2019-10-21,60.127498626708984,89.28299713134766,138.42999267578125,16.899999618530273,176.42999267578125
2019-10-22,59.9900016784668,88.2864990234375,136.3699951171875,17.038667678833008,170.86000061035156
2019-10-23,60.79499816894531,88.1084976196289,137.24000549316406,16.978666305541992,171.32000732421875
2019-10-24,60.89500045776367,89.03900146484375,139.94000244140625,19.978666305541992,176.16000366210938
2019-10-25,61.64500045776367,88.06649780273438,140.72999572753906,21.875333786010742,177.85000610351562
2019-10-28,62.26250076293945,88.85399627685547,144.19000244140625,21.847333908081055,179.83999633789062
2019-10-29,60.8224983215332,88.135498046875,142.8300018310547,21.08133316040039,177.6300048828125
2019-10-30,60.814998626708984,88.99949645996094,144.61000061035156,21.000667572021484,179.25
2019-10-31,62.189998626708984,88.83300018310547,143.3699951171875,20.994667053222656,178.86000061035156
2019-11-01,63.95500183105469,89.5719985961914,143.72000122070312,20.887332916259766,180.92999267578125
2019-11-04,64.375,90.23300170898438,144.5500030517578,21.1646671295166,178.9499969482422
2019-11-05,64.28250122070312,90.08550262451172,144.4600067138672,21.148000717163086,176.3699951171875
2019-11-06,64.30999755859375,89.78849792480469,144.05999755859375,21.77199935913086,176.77000427246094
2019-11-07,64.85749816894531,89.41000366210938,144.25999450683594,22.369333267211914,178.42999267578125
2019-11-08,65.03500366210938,89.29399871826172,145.9600067138672,22.47599983215332,178.97000122070312
2019-11-11,65.55000305175781,88.5824966430664,146.11000061035156,23.006000518798828,179.5399932861328
2019-11-12,65.48999786376953,88.9000015258789,147.07000732421875,23.32866668701172,179.74000549316406
2019-11-13,66.11750030517578,87.65550231933594,147.30999755859375,23.073999404907227,179.41000366210938
2019-11-14,65.66000366210938,87.7300033569336,148.05999755859375,23.290000915527344,179.75
2019-11-15,66.44000244140625,86.97450256347656,149.97000122070312,23.47800064086914,179.77000427246094
2019-11-18,66.7750015258789,87.62650299072266,150.33999633789062,23.332666397094727,179.66000366210938
2019-11-19,66.57250213623047,87.6395034790039,150.38999938964844,23.968000411987305,182.77000427246094
2019-11-20,65.79750061035156,87.27649688720703,149.6199951171875,23.481332778930664,181.66000366210938
2019-11-21,65.50250244140625,86.7354965209961,149.47999572753906,23.655332565307617,179.88999938964844
2019-11-22,65.44499969482422,87.28600311279297,149.58999633789062,22.202667236328125,179.47000122070312
2019-11-25,66.59249877929688,88.69200134277344,151.22999572753906,22.422666549682617,180.97000122070312
2019-11-26,66.07250213623047,89.84700012207031,152.02999877929688,21.92799949645996,182.5500030517578
2019-11-27,66.95999908447266,90.92549896240234,152.32000732421875,22.086000442504883,184.3699951171875
2019-11-29,66.8125,90.04000091552734,151.3800048828125,21.996000289916992,184.50999450683594
2019-12-02,66.04000091552734,89.08000183105469,149.5500030517578,22.32466697692871,181.7899932861328
2019-12-03,64.86250305175781,88.49800109863281,149.30999755859375,22.413333892822266,181.89999389648438
2019-12-04,65.43499755859375,88.03450012207031,149.85000610351562,22.20199966430664,180.60000610351562
2019-12-05,66.3949966430664,87.02400207519531,149.92999267578125,22.024667739868164,181.88999938964844
2019-12-06,67.67749786376953,87.58000183105469,151.75,22.392667770385742,182.1699981689453
2019-12-09,66.7300033569336,87.47550201416016,151.36000061035156,22.635332107543945,182.9199981689453
2019-12-10,67.12000274658203,86.96050262451172,151.1300048828125,23.256000518798828,182.25999450683594
2019-12-11,67.69249725341797,87.43599700927734,151.6999969482422,23.51333236694336,182.00999450683594
2019-12-12,67.86499786376953,88.0165023803711,153.24000549316406,23.978666305541992,182.63999938964844
2019-12-13,68.7874984741211,88.0469970703125,154.52999877929688,23.892667770385742,185.13999938964844
2019-12-16,69.96499633789062,88.46050262451172,155.52999877929688,25.433332443237305,186.24000549316406
2019-12-17,70.10250091552734,89.53299713134766,154.69000244140625,25.266000747680664,185.52000427246094
2019-12-18,69.93499755859375,89.20149993896484,154.3699951171875,26.209999084472656,184.89999389648438
2019-12-19,70.00499725341797,89.61399841308594,155.7100067138672,26.93600082397461,186.5399932861328
2019-12-20,69.86000061035156,89.32499694824219,157.41000366210938,27.03933334350586,188.0
2019-12-23,71.0,89.6500015258789,157.41000366210938,27.947999954223633,187.0800018310547
2019-12-24,71.06749725341797,89.46050262451172,157.3800048828125,28.350000381469727,187.57000732421875
2019-12-26,72.47750091552734,93.4384994506836,158.6699981689453,28.729333877563477,189.16000366210938
2019-12-27,72.44999694824219,93.48999786376953,158.9600067138672,28.691999435424805,189.38999938964844
2019-12-30,72.87999725341797,92.34449768066406,157.58999633789062,27.64666748046875,187.8300018310547
